{
  "metadata": {
    "experiment_name": "パス長制限による情報損失の分析",
    "timestamp": "2026-01-25T00:23:46.440221",
    "settings": {
      "centrality_method": "パス長制限付きマイヤーソン中心性",
      "influence_constant_r": 0.5,
      "L_max_values": [
        1,
        2,
        3,
        4,
        5,
        6,
        7,
        8,
        9,
        10
      ]
    },
    "analyzed_graphs": [
      "path"
    ],
    "graph_parameters": {
      "path": [
        {
          "n": 20
        },
        {
          "n": 50
        }
      ]
    }
  },
  "results": {
    "path": [
      {
        "parameters": {
          "n": 20
        },
        "kendall_tau": {
          "10": 0.9999999999999999,
          "9": 0.9999999999999999,
          "8": 0.9888264649460884,
          "7": 0.9660917830792959,
          "6": 0.9309493362512626,
          "5": 0.8819171036881968,
          "4": 0.816496580927726,
          "3": 0.7302967433402215,
          "2": 0.6146362971528592,
          "1": 0.4472135954999579
        }
      },
      {
        "parameters": {
          "n": 50
        },
        "kendall_tau": {
          "10": 0.8062257748298549,
          "9": 0.7745966692414832,
          "8": 0.7393691004272943,
          "7": 0.7000000000000001,
          "6": 0.6557438524302001,
          "5": 0.6055300708194983,
          "4": 0.5477225575051661,
          "3": 0.4795831523312719,
          "2": 0.39581140290126393,
          "1": 0.282842712474619
        }
      }
    ]
  }
}